{
  "train_loss": [
    4.489720443589751,
    4.448012030243089,
    4.410431930102497,
    4.325655928336025,
    4.279246295072112,
    4.241448592930483,
    4.221713045676621,
    4.221954086214138,
    4.170588860741248,
    4.1078488482550455,
    4.0818000552793,
    4.053533812827902,
    4.0093241156862405,
    3.989270431551529,
    3.961203937176166,
    3.9444850680597705,
    3.903922262414473,
    3.906332447180947,
    3.8791403706158967,
    3.854604465025438,
    3.823400107095694,
    3.7974177975606,
    3.784515671784794
  ],
  "train_acc": [
    2.954457489356212,
    3.0318668558895627,
    2.219068507289382,
    2.154560701844923,
    1.7804154302670623,
    3.3544058831118564,
    2.6835247064894854,
    2.9931621726228874,
    2.748032511933944,
    3.922074571023094,
    3.5221261772674493,
    4.812282286156625,
    4.425235453489872,
    4.438137014578764,
    4.33492452586763,
    4.154302670623146,
    4.541349503289898,
    4.360727648045414,
    4.218810476067604,
    4.541349503289898,
    4.580054186556573,
    4.438137014578764,
    4.915494774867759
  ],
  "val_loss": [
    4.425359351253395,
    4.4320095644100475,
    4.389379257472988,
    4.382899635535285,
    4.528588329985397,
    4.659905458902481,
    4.8850099957233155,
    4.293753503462037,
    4.250305064461865,
    4.1737748543708335,
    4.210513009921739,
    4.108652075275187,
    4.149094683168597,
    4.11056804226624,
    4.059521428084115,
    4.14492560379772,
    4.090552745169537,
    4.076559279656439,
    3.974241506321766,
    4.295687418982441,
    3.9834895352020445,
    4.231849837102327,
    4.0256619051762295
  ],
  "val_acc": [
    2.527075812274368,
    4.873646209386282,
    2.045728038507822,
    1.5643802647412757,
    5.114320096269555,
    2.5872442839951866,
    1.6245487364620939,
    2.948255114320096,
    5.114320096269555,
    4.753309265944645,
    5.415162454873646,
    5.475330926594465,
    4.1516245487364625,
    4.873646209386282,
    4.873646209386282,
    6.4380264741275575,
    5.29482551143201,
    5.6558363417569195,
    5.776173285198556,
    4.031287605294826,
    4.512635379061372,
    4.392298435619735,
    4.57280385078219
  ]
}