{
  "train_loss": [
    4.163535094128328,
    2.8896432876207365,
    2.1419638056880315,
    1.7145420317942093,
    1.4719099841911112,
    1.2810997611238395,
    1.1598385915923226,
    1.0547607900546634,
    0.9685736330664421,
    0.9230894176736691,
    0.8673256308623163,
    0.8163472931623522,
    0.8474964517027607,
    0.8137549171715966,
    0.7956991425937037,
    0.8127092935577822,
    0.759755734772352,
    0.7809489404658608,
    0.7614942464565339,
    0.7917030356739395,
    0.7776239881087881,
    0.7239015459160363,
    0.7636090536179546,
    0.7438037981086209,
    0.7320322057048912,
    0.7349098605956536,
    0.7780887875167278,
    0.7375163162108852,
    0.7846806235166658,
    0.7504179822288416,
    0.7252574146157647,
    0.7754071161929794,
    0.7568789349686533,
    0.7698988252022627,
    0.7608852109247382
  ],
  "train_acc": [
    9.949588750331653,
    39.904483947996816,
    54.57681082515256,
    62.616078535420534,
    67.55107455558503,
    71.92889360573096,
    73.94534359246485,
    76.5720350225524,
    78.69461395595648,
    78.77421066595915,
    81.3478376227116,
    82.48872379941629,
    81.24170867604138,
    82.7009816927567,
    82.78057840275935,
    82.54178827275139,
    83.01936853276732,
    83.07243300610241,
    83.39081984611303,
    82.03767577606793,
    83.36428760944547,
    84.23985141947466,
    83.60307773945344,
    84.39904483947997,
    83.7888033961263,
    83.73573892279119,
    82.51525603608384,
    84.55823825948528,
    82.99283629609977,
    84.0010612894667,
    84.47864154948262,
    83.55001326611833,
    83.55001326611833,
    83.47041655611568,
    82.83364287609446
  ],
  "val_loss": [
    3.1442756275139234,
    1.915139075553063,
    1.3746093523384322,
    1.0989208221435547,
    0.9184927609887453,
    0.8031819692932733,
    0.7438682707229464,
    0.6907053772765811,
    0.6551203798539568,
    0.6073331018485645,
    0.5744384963913719,
    0.5735026975669483,
    0.5657024595997121,
    0.5581134557723999,
    0.5615287948362898,
    0.556607203908486,
    0.5527214449230987,
    0.5493688795826223,
    0.5529711754015176,
    0.5447563924411736,
    0.5418778268417509,
    0.542471445432984,
    0.5440319493265435,
    0.5489148409059732,
    0.5407172571314444,
    0.5447738914206477,
    0.5450783543067403,
    0.549091113675939,
    0.5427319614013822,
    0.5459191539500019,
    0.5413662867970986,
    0.5450425478491453,
    0.5443450743609136,
    0.5422634334847478,
    0.5453773217626138
  ],
  "val_acc": [
    36.50990099009901,
    58.29207920792079,
    69.3069306930693,
    75.99009900990099,
    78.83663366336634,
    79.20792079207921,
    81.06435643564356,
    82.05445544554455,
    82.79702970297029,
    83.29207920792079,
    85.02475247524752,
    84.77722772277228,
    85.39603960396039,
    84.77722772277228,
    84.77722772277228,
    85.39603960396039,
    85.14851485148515,
    85.64356435643565,
    85.89108910891089,
    85.76732673267327,
    86.26237623762377,
    85.76732673267327,
    85.89108910891089,
    85.64356435643565,
    86.38613861386139,
    85.64356435643565,
    85.64356435643565,
    85.76732673267327,
    85.76732673267327,
    85.76732673267327,
    85.64356435643565,
    85.76732673267327,
    86.26237623762377,
    85.64356435643565,
    86.13861386138613
  ]
}