{
  "train_loss": [
    4.153689276036611,
    2.874047744492379,
    2.134340951347199,
    1.7073775649418657,
    1.4781615768892122,
    1.261686629880863,
    1.1418710483673493,
    1.040156622880585,
    1.002450325565586,
    0.9541048016147102,
    0.8529939091183457,
    0.8101748514630871,
    0.8723024531238178,
    0.7959517399933902,
    0.7991128580802377,
    0.8070460191358777,
    0.776734869402326,
    0.790760210699667,
    0.7744637508391069,
    0.8004036099944263,
    0.7618796609541756,
    0.7591339694185325,
    0.7547418431977626,
    0.7767865849635619,
    0.7667959041638475,
    0.7339156261171071
  ],
  "train_acc": [
    10.214911117007164,
    39.21464579464049,
    54.3380206951446,
    63.544706818784825,
    67.39188113557972,
    72.37994162907933,
    74.05147253913505,
    77.39453435924648,
    76.91695409923057,
    78.37622711594588,
    81.42743433271424,
    82.11727248607058,
    80.68453170602282,
    82.51525603608384,
    82.78057840275935,
    82.35606261607853,
    82.88670734942956,
    82.38259485274608,
    83.25815866277527,
    82.40912708941364,
    83.41735208278058,
    83.92146457946404,
    83.55001326611833,
    82.83364287609446,
    83.73573892279119,
    83.9479968161316
  ],
  "val_loss": [
    3.0861477993502477,
    1.9080851337697247,
    1.3968430792931283,
    1.0905858833010833,
    0.9200283253546988,
    0.8015489153342672,
    0.7293175565134181,
    0.7090437081780764,
    0.658611262198722,
    0.6268426380535164,
    0.5932957524120217,
    0.5859825198013003,
    0.5788817417503583,
    0.5790529180281233,
    0.5666385098259048,
    0.5677454566011334,
    0.5668550175015289,
    0.5684860165756528,
    0.5653417594362014,
    0.5627798302338856,
    0.5600483688977685,
    0.5565650463104248,
    0.5659433768527342,
    0.555607012002775,
    0.5555781149628138,
    0.560012702894683
  ],
  "val_acc": [
    34.52970297029703,
    59.15841584158416,
    67.6980198019802,
    71.16336633663366,
    77.35148514851485,
    80.6930693069307,
    80.07425742574257,
    81.31188118811882,
    81.31188118811882,
    83.53960396039604,
    83.53960396039604,
    84.15841584158416,
    84.15841584158416,
    83.91089108910892,
    84.77722772277228,
    85.27227722772277,
    85.02475247524752,
    84.65346534653466,
    84.9009900990099,
    84.52970297029702,
    84.4059405940594,
    84.9009900990099,
    84.9009900990099,
    84.52970297029702,
    84.65346534653466,
    85.27227722772277
  ]
}