{
  "train_loss": [
    3.386381965285808,
    3.0051563536024237,
    2.857956350672523,
    2.7134618573366573,
    2.6436273762217306,
    2.5679572048440718,
    2.439153510052963,
    2.3498353652070683,
    2.233883221339232,
    2.114980738403843,
    2.0210048455359044,
    1.9028398626589833,
    1.7850277642560242,
    1.6705053777882952,
    1.5261536035025878,
    1.1801138239789049,
    0.9439298089758502,
    0.7888468846461494,
    0.6550921191093829,
    0.5625086636746903,
    0.46802210968519825,
    0.4207193565482463,
    0.3776599171930337,
    0.3258757651844204,
    0.31088172447033935,
    0.17974769053282608,
    0.13778078775223787,
    0.12032094058752399,
    0.11916006963729854,
    0.10490719831200541,
    0.09378889750594586,
    0.0894217340917514,
    0.08731885482389501
  ],
  "train_acc": [
    15.636692039736808,
    21.5972132628048,
    24.39685201909431,
    26.628822087472585,
    28.51245000645078,
    29.557476454651013,
    31.866855889562636,
    34.24074312991872,
    36.29209134305251,
    38.94981292736421,
    40.975358018320215,
    43.51696555283189,
    45.61992001032125,
    48.832408721455295,
    50.99987098438911,
    60.043865307702234,
    65.16578505999226,
    68.71371435943749,
    72.31324990323829,
    75.17739646497226,
    78.17055863759515,
    79.98967875112889,
    81.79589730357374,
    83.51180492839633,
    84.27299703264094,
    89.84647142304219,
    91.60108373113147,
    93.1105663785318,
    93.21377886724294,
    93.63953038317636,
    94.3749193652432,
    95.03289898077668,
    94.64585214810992
  ],
  "val_loss": [
    3.2091140807320495,
    2.9291213921548085,
    2.9048061740957873,
    2.960636312780828,
    2.781112878618114,
    2.536377128567793,
    2.53902099752254,
    2.4336559114043035,
    2.5800909760770097,
    2.2414380116870114,
    2.335312552113539,
    2.3968808025516184,
    2.423900292525079,
    2.4240748857906724,
    2.5978495977128597,
    2.633893524409775,
    2.4958670846535123,
    3.1610071660522663,
    2.765272922033868,
    2.910959624498186,
    3.1561971423714885,
    3.6062007963155294,
    4.888262248641747,
    3.3218108472984764,
    4.133771847014536,
    2.889273169095192,
    2.981292606547708,
    3.324055942243904,
    3.1454928848000354,
    3.276330851475685,
    3.285338925971021,
    3.3979085719685838,
    3.079351590715447
  ],
  "val_acc": [
    17.870036101083034,
    22.623345367027678,
    22.081829121540313,
    20.51744885679904,
    23.646209386281587,
    29.783393501805055,
    29.723225030084237,
    33.39350180505415,
    33.513838748495786,
    36.34175691937425,
    35.13838748495788,
    36.64259927797834,
    35.55956678700361,
    36.82310469314079,
    31.949458483754512,
    35.1985559566787,
    41.395908543922985,
    35.439229843561975,
    41.997593261131165,
    36.94344163658243,
    37.545126353790614,
    35.860409145607704,
    32.00962695547533,
    38.32731648616125,
    27.376654632972322,
    42.238267148014444,
    39.651022864019254,
    38.56799037304452,
    38.56799037304452,
    39.83152827918171,
    41.395908543922985,
    41.817087845968715,
    41.817087845968715
  ]
}