{
  "train_loss": [
    3.5796285658371154
  ],
  "train_acc": [
    11.159850341891369
  ],
  "val_loss": [
    4.174648684858559
  ],
  "val_acc": [
    11.191335740072201
  ]
}