{
  "train_loss": [
    3.728975674242008,
    3.5592966623236144,
    3.4358904565661788,
    3.298382245960612,
    3.189108261799385,
    3.082087169692003,
    2.971915598331521,
    2.879038817927755,
    2.784125406778085,
    2.7087721098716635,
    2.5617215797495434,
    2.4824665302677227,
    2.4177365205223644,
    2.356399177259175,
    2.31601368715003,
    2.239690529917182,
    2.183447784584517,
    2.1186690159788935,
    2.055520045051358,
    1.9840101711274178,
    1.8430139567833257,
    1.773531226369892,
    1.7153477487587465,
    1.6749591141143256,
    1.6253563790855954,
    1.5805285742261028,
    1.5418571852634928,
    1.4829624447725984
  ],
  "train_acc": [
    11.998451812669334,
    15.765707650625727,
    18.049283963359567,
    20.79731647529351,
    23.64856147593859,
    25.3515675396723,
    27.789962585472843,
    29.944523287317764,
    31.44110437362921,
    32.8602760934073,
    36.22758353760805,
    37.96929428460844,
    39.38846600438653,
    40.76893304089795,
    41.891368855631534,
    43.671784285898596,
    44.23945297380983,
    45.59411688814347,
    47.16810734098826,
    49.103341504322024,
    51.69655528318927,
    53.41246290801187,
    55.02515804412334,
    55.03805960521223,
    57.1152109405238,
    57.46355308992388,
    58.3666623661463,
    59.79873564701329
  ],
  "val_loss": [
    3.642353005357598,
    3.5311852494158327,
    3.337100125965802,
    3.247232941226982,
    3.3510596195569824,
    3.0183410960127444,
    2.928326266193505,
    2.9283726473577616,
    2.9021569867713644,
    2.9131659858923955,
    2.6953279949123967,
    2.6568104850686414,
    2.667536341469784,
    2.61576430547969,
    2.7713865619847633,
    2.6943740600856776,
    2.8295494703896495,
    3.441420138240865,
    2.987654784095847,
    2.7323005246771803,
    2.714893388834241,
    2.841072090265983,
    2.8261280335243857,
    2.809264220629071,
    2.9962043340455753,
    4.048395761370515,
    3.046008574546603,
    3.2858542013110954
  ],
  "val_acc": [
    14.981949458483754,
    15.944645006016847,
    20.33694344163658,
    21.239470517448858,
    18.892900120336943,
    26.835138387484957,
    29.061371841155236,
    29.843561973525873,
    28.09867629362214,
    28.9410348977136,
    32.61131167268351,
    34.59687123947052,
    33.81468110709988,
    35.1985559566787,
    33.09265944645006,
    35.1985559566787,
    32.671480144404335,
    29.783393501805055,
    31.04693140794224,
    36.76293622141998,
    36.94344163658243,
    36.040914560770155,
    36.34175691937425,
    36.22141997593261,
    33.45367027677497,
    28.2791817087846,
    35.98074608904934,
    33.333333333333336
  ]
}