{
  "train_loss": [
    2.863106852207718
  ],
  "train_acc": [
    33.6472713198297
  ],
  "val_loss": [
    2.099277445699047
  ],
  "val_acc": [
    48.616125150421176
  ]
}