{
  "train_loss": [
    2.4528400180636494,
    0.7484685017468601,
    0.5590287145710523,
    0.4823846216858398,
    0.41805708774460126,
    0.38532206280125836,
    0.3671799809033183,
    0.34917835772243094,
    0.3148975921747823,
    0.3250999388552591,
    0.33032584048829366,
    0.2719892401077223,
    0.29034520164191424,
    0.2564663725558438,
    0.24773665983501686,
    0.24108535793438676,
    0.2608681685746143,
    0.2538002084581882,
    0.24006710922245197,
    0.21712666523412294,
    0.22290472514308646,
    0.20153125623993737,
    0.19456285535182205,
    0.2044662548697107,
    0.1829837545484174,
    0.2020714074436503,
    0.19547685245425103,
    0.18112871879511597,
    0.18071780901557413,
    0.15778666326682741,
    0.17040061686582356,
    0.14501049161910157,
    0.15148911975535673
  ],
  "train_acc": [
    55.664632528522155,
    83.92146457946404,
    86.84001061289467,
    88.16662244627221,
    89.75855664632529,
    90.0238790130008,
    90.68718492968958,
    91.29742637304325,
    92.25258689307509,
    91.53621650305121,
    91.77500663305916,
    92.91589280976386,
    92.86282833642876,
    93.28734412310958,
    93.52613425311753,
    93.95065003979836,
    93.6057309631202,
    93.6057309631202,
    93.89758556646325,
    94.45476253648182,
    94.45476253648182,
    94.82621384982754,
    95.25072963650835,
    94.98540726983285,
    95.25072963650835,
    94.93234279649775,
    95.0119395065004,
    95.0650039798355,
    95.35685858317856,
    95.78137436985938,
    95.99363226319979,
    96.52427699655081,
    96.04669673653488
  ],
  "val_loss": [
    0.6790770728989403,
    0.3630062518733563,
    0.3425058279887284,
    0.3386496812990396,
    0.30623983156563034,
    0.31553154652661614,
    0.3541053356510578,
    0.3509691623177859,
    0.360324497270112,
    0.33765868503268404,
    0.372670320000979,
    0.41314507534008216,
    0.36341492020257626,
    0.3388539918578497,
    0.37597458846498244,
    0.33154168075854235,
    0.3649776055671201,
    0.39914506378740366,
    0.36660653618302674,
    0.36243275043987994,
    0.3435633415632909,
    0.4050906285791114,
    0.3648246154926791,
    0.36235918473489215,
    0.375014856310174,
    0.3689609069635372,
    0.36412586345530973,
    0.3830007993348754,
    0.3974739923925683,
    0.3947461554319552,
    0.3927383068764564,
    0.37380806644364156,
    0.3792691367982638
  ],
  "val_acc": [
    86.26237623762377,
    90.5940594059406,
    90.0990099009901,
    89.97524752475248,
    90.96534653465346,
    90.5940594059406,
    90.71782178217822,
    90.71782178217822,
    91.33663366336634,
    91.46039603960396,
    89.23267326732673,
    88.98514851485149,
    91.08910891089108,
    91.33663366336634,
    90.47029702970298,
    91.95544554455445,
    91.46039603960396,
    89.72772277227723,
    91.33663366336634,
    91.83168316831683,
    92.20297029702971,
    91.2128712871287,
    92.45049504950495,
    91.46039603960396,
    91.58415841584159,
    91.46039603960396,
    91.70792079207921,
    90.84158415841584,
    91.58415841584159,
    90.47029702970298,
    90.84158415841584,
    91.08910891089108,
    91.58415841584159
  ]
}