{
  "train_loss": [
    2.4727964251956753,
    0.7530830727707774,
    0.5467167948816208,
    0.45054871838615945,
    0.4237844787358162,
    0.3862718959944607,
    0.36529389097911036,
    0.3554168112969392,
    0.31513624461394907,
    0.31037961770887873,
    0.3039563366939168,
    0.29062769916051895,
    0.27395475843788364,
    0.269192052206964,
    0.27615497794529115,
    0.23358705603465948,
    0.2283619105120052,
    0.22967105090191142,
    0.21208051273252831,
    0.23488934048293092,
    0.2141124331010577,
    0.2079936778649755,
    0.19444105790967048,
    0.20732882320109935,
    0.18295146007378432,
    0.16460324158463563,
    0.16232074090643123,
    0.1734974293651553,
    0.18232267930546248,
    0.1531123500678102,
    0.164966571086691,
    0.1447736558851085,
    0.14602943255402231,
    0.1295376414723218,
    0.1309862511801321,
    0.1303582360040625,
    0.13504706320379292,
    0.15004488867681606,
    0.13639798879417825,
    0.12364172762317663,
    0.1262890019351021,
    0.104951855451517,
    0.10314388411269323,
    0.11858116160474301,
    0.12438930709455652,
    0.09949762372976591,
    0.1203418853713714
  ],
  "train_acc": [
    54.709472008490316,
    83.41735208278058,
    86.73388166622446,
    89.0421862563014,
    89.9708145396657,
    90.44839479968161,
    91.08516847970284,
    90.79331387635978,
    92.01379676306712,
    92.09339347306978,
    92.38524807641284,
    92.5709737330857,
    93.02202175643407,
    93.12815070310427,
    93.07508622976917,
    93.97718227646591,
    94.03024674980101,
    94.61395595648713,
    94.9058105598302,
    94.34863358981163,
    94.77314937649244,
    94.77314937649244,
    95.1711329265057,
    95.0119395065004,
    95.2772618731759,
    95.62218094985407,
    95.67524542318918,
    95.62218094985407,
    95.38339081984611,
    96.12629344653755,
    95.83443884319448,
    96.1528256832051,
    96.47121252321571,
    96.57734146988591,
    96.52427699655081,
    96.94879278323162,
    96.73653488989122,
    96.2589546298753,
    96.52427699655081,
    96.76306712655877,
    96.81613159989386,
    97.5059697532502,
    97.26717962324224,
    97.18758291323958,
    96.86919607322898,
    97.32024409657734,
    96.94879278323162
  ],
  "val_loss": [
    0.6765243983504796,
    0.368213691333733,
    0.35033043304292283,
    0.3054333512145694,
    0.30352018139149883,
    0.3003487823033097,
    0.3037850667934607,
    0.30762936337159413,
    0.31684059199720327,
    0.35869362153629264,
    0.3326111931611996,
    0.3644155688805155,
    0.31524388034745016,
    0.34559743888307326,
    0.3130804624887976,
    0.3479080548380861,
    0.34865225718753173,
    0.36111517648885744,
    0.3684769910160858,
    0.38476285840025043,
    0.365952729588688,
    0.3549283093745165,
    0.37694655609602973,
    0.3379643789612421,
    0.3601350503982884,
    0.3919155494411393,
    0.3322379046147413,
    0.36287030430123357,
    0.3396144220144442,
    0.3373803216041905,
    0.3259809418479995,
    0.3553447999281458,
    0.34399448438446123,
    0.3443147560747543,
    0.3382286275967513,
    0.34255163828925334,
    0.3325383835794902,
    0.3362736974907394,
    0.33196518769358646,
    0.333638860447572,
    0.33635990218360823,
    0.3417202054273964,
    0.3452759209540811,
    0.3414309758065951,
    0.34405306542273795,
    0.343764726773347,
    0.34349485125282025
  ],
  "val_acc": [
    87.5,
    89.48019801980197,
    90.47029702970298,
    91.2128712871287,
    91.33663366336634,
    91.70792079207921,
    91.83168316831683,
    90.84158415841584,
    91.46039603960396,
    89.85148514851485,
    90.5940594059406,
    90.0990099009901,
    91.33663366336634,
    91.2128712871287,
    92.20297029702971,
    90.96534653465346,
    91.70792079207921,
    91.70792079207921,
    90.84158415841584,
    90.84158415841584,
    91.2128712871287,
    91.58415841584159,
    90.5940594059406,
    92.57425742574257,
    92.32673267326733,
    91.58415841584159,
    92.32673267326733,
    90.71782178217822,
    91.83168316831683,
    92.07920792079207,
    92.07920792079207,
    92.20297029702971,
    92.20297029702971,
    92.94554455445545,
    92.82178217821782,
    92.6980198019802,
    93.44059405940594,
    92.57425742574257,
    92.32673267326733,
    92.6980198019802,
    92.20297029702971,
    92.20297029702971,
    92.20297029702971,
    92.57425742574257,
    92.32673267326733,
    92.45049504950495,
    92.32673267326733
  ]
}