{
  "train_loss": [
    2.5531181771543205,
    1.4959117648350926,
    0.8886070536947542,
    0.46515996808222915,
    0.29413109947921384,
    0.21477962316170063,
    0.1814190269119825,
    0.1521720616800135,
    0.13693056697800068,
    0.11838136013431899,
    0.10258397076743611
  ],
  "train_acc": [
    33.45374790349632,
    55.631531415301254,
    70.14578764030448,
    82.22164881950717,
    88.62082311959747,
    90.82699006579796,
    92.74932266804284,
    93.49761321119855,
    94.38782092633208,
    95.69087859631016,
    95.88440201264353
  ],
  "val_loss": [
    1.8668332884377306,
    1.7912205484240158,
    1.8263087631138344,
    2.0372703929784954,
    2.6213272248217456,
    2.794285565923196,
    3.172509723723591,
    3.267384673267082,
    3.317578674406103,
    3.300349881087997,
    3.8997608132229367
  ],
  "val_acc": [
    47.59326113116727,
    48.435619735258726,
    52.10589651022864,
    54.87364620938628,
    52.2864019253911,
    53.36943441636583,
    51.74488567990373,
    53.730445246690735,
    50.661853188929,
    54.151624548736464,
    52.2864019253911
  ]
}