{
  "train_loss": [
    4.555607157328131,
    4.28858581119592,
    3.859024765414279,
    3.441334555340096,
    3.038272428198824,
    2.6484794689292155,
    2.2681540941026284,
    1.9163591693469193,
    1.5787402107060118,
    1.2750377212396946,
    0.7960266036197395,
    0.5712950989486725,
    0.3983841403355646,
    0.27390575615410157,
    0.1846495607362945,
    0.11862833272228855,
    0.07306130145645313,
    0.04798079904569201,
    0.039529229288769605,
    0.0233442162013602,
    0.014273929914815004,
    0.014161838604177674,
    0.014011135840842072,
    0.014589232204205842,
    0.013045707607475763,
    0.014564323730583176,
    0.015918421619654052,
    0.016346522933280705
  ],
  "train_acc": [
    2.0513482131337892,
    6.54109147206812,
    10.35995355438008,
    15.662495161914592,
    21.274674235582506,
    26.24177525480583,
    31.828151206295964,
    37.569345890852794,
    43.46535930847632,
    50.61282415172236,
    64.12075861179203,
    71.64236872661591,
    78.54470390917301,
    84.1826861050187,
    88.73693716939749,
    93.03315701199845,
    96.2327441620436,
    97.90994710359954,
    98.77435169655529,
    99.44523287317766,
    99.70326409495549,
    99.6903625338666,
    99.66455941168881,
    99.65165785059992,
    99.67746097277771,
    99.6903625338666,
    99.65165785059992,
    99.67746097277771
  ],
  "val_loss": [
    4.435403685564025,
    4.134808184294351,
    3.9668383879495153,
    3.931305139934113,
    3.820590541968133,
    3.785208373006644,
    3.6715085314212437,
    3.7478656128999273,
    3.757126097214351,
    3.776981786126551,
    3.762369162195713,
    3.903347621038646,
    4.020030427782401,
    4.104116165250647,
    4.239933683266852,
    4.376682936786601,
    4.42800235088408,
    4.758402943754598,
    4.752814745070989,
    4.784887135961283,
    4.821988754180651,
    4.754266190328035,
    4.768748966795442,
    4.950029688765139,
    4.784572906872856,
    4.800466129495779,
    4.83329656637676,
    4.777477036314321
  ],
  "val_acc": [
    2.8279181708784598,
    8.243080625752105,
    10.95066185318893,
    14.259927797833935,
    17.509025270758123,
    21.7208182912154,
    19.494584837545126,
    21.600481347773766,
    24.24789410348977,
    26.05294825511432,
    30.204572803850784,
    32.73164861612515,
    34.17569193742479,
    34.65703971119134,
    34.17569193742479,
    33.8748495788207,
    35.439229843561975,
    36.040914560770155,
    35.92057761732852,
    36.522262334536705,
    37.42478941034898,
    36.64259927797834,
    37.42478941034898,
    36.101083032490976,
    36.82310469314079,
    36.82310469314079,
    37.42478941034898,
    36.82310469314079
  ]
}