{
  "train_loss": [
    2.807355638562195,
    2.546639947153156,
    2.5791926874282085,
    2.8057432522882633,
    3.132530609356513,
    3.300898310292568,
    3.307242618747072,
    3.3097792833239903
  ],
  "train_acc": [
    28.086698490517353,
    30.550896658495677,
    29.673590504451038,
    24.151722358405365,
    18.320216746226293,
    15.494774867758998,
    15.43026706231454,
    15.765707650625727
  ],
  "val_loss": [
    2.131019782575316,
    2.535502319839457,
    2.7406031832941746,
    2.9812179478210377,
    3.217913463514491,
    3.280420869409536,
    3.2714323073661427,
    3.407439794781406
  ],
  "val_acc": [
    40.61371841155235,
    29.783393501805055,
    25.03008423586041,
    19.37424789410349,
    15.643802647412755,
    14.981949458483754,
    16.787003610108304,
    13.417569193742478
  ]
}