{
  "train_loss": [
    3.5616755133643485,
    3.357638662791286,
    3.2916479364177853,
    3.2120609622419365,
    3.1187091442157864,
    2.980313970510182,
    2.8614927758064415,
    2.7461263626533206,
    2.6392115133529384,
    2.556703658861247,
    2.4781074752162895,
    2.35763737122146,
    2.3020582482701286,
    2.2066694845185557,
    2.1159368562261576,
    1.9268570492889263,
    1.8179250415287207,
    1.7351143325994651,
    1.6546227537175329,
    1.5735558636064546,
    1.4948454832449343,
    1.444900051868588,
    1.346979374486298
  ],
  "train_acc": [
    11.392078441491421,
    13.66275319313637,
    16.023738872403563,
    17.27519029802606,
    18.758869823248613,
    21.081150819249128,
    23.313120887627402,
    25.441878467294543,
    28.112501612695137,
    29.04141401109534,
    30.912140368984648,
    33.621468197651915,
    34.214940007740935,
    36.44691007611921,
    38.717584827764156,
    42.14940007740937,
    44.94903883369888,
    46.13598245387692,
    47.61966197909947,
    48.79370403818862,
    50.935363178944655,
    51.29660688943362,
    53.980131595923105
  ],
  "val_loss": [
    3.4888196129230815,
    3.323308158867626,
    3.302947335868679,
    3.215200138149422,
    3.242018251499401,
    3.0720242905989736,
    2.9812164154580643,
    2.9343695175776845,
    2.692463409169056,
    2.8193596843921465,
    3.180636697727851,
    3.26726075085205,
    3.520239174150818,
    4.869012115951336,
    3.380592635966093,
    2.472633267137548,
    2.4666628128928543,
    3.178526410126944,
    5.623566060003104,
    2.7954270131034256,
    3.3691688829093778,
    3.0607637426626524,
    3.513861745416616
  ],
  "val_acc": [
    12.876052948255115,
    15.643802647412755,
    14.320096269554753,
    17.62936221419976,
    14.560770156438027,
    17.99037304452467,
    20.45728038507822,
    22.86401925391095,
    28.219013237063777,
    25.3309265944645,
    20.75812274368231,
    20.03610108303249,
    22.56317689530686,
    8.664259927797834,
    19.494584837545126,
    33.03249097472924,
    31.28760529482551,
    23.164861612515043,
    16.787003610108304,
    27.617328519855597,
    25.63176895306859,
    27.85800240673887,
    29.54271961492178
  ]
}