{
  "accuracy": 0.8551980198019802,
  "f1_macro": 0.8517177064803485,
  "f1_weighted": 0.8515878823214713,
  "predictions": [
    82,
    62,
    81,
    21,
    60,
    3,
    61,
    77,
    39,
    75,
    31,
    2,
    82,
    80,
    39,
    41,
    62,
    88,
    66,
    62,
    8,
    7,
    71,
    68,
    25,
    23,
    52,
    73,
    17,
    41,
    73,
    75,
    70,
    20,
    3,
    42,
    10,
    64,
    66,
    34,
    49,
    4,
    33,
    14,
    84,
    59,
    81,
    34,
    54,
    50,
    77,
    26,
    33,
    78,
    76,
    82,
    84,
    15,
    86,
    1,
    71,
    72,
    39,
    70,
    66,
    78,
    34,
    21,
    34,
    18,
    73,
    69,
    50,
    54,
    41,
    27,
    76,
    47,
    83,
    60,
    10,
    85,
    31,
    82,
    8,
    27,
    58,
    33,
    71,
    15,
    75,
    27,
    22,
    27,
    37,
    71,
    71,
    29,
    12,
    65,
    27,
    58,
    0,
    72,
    84,
    53,
    85,
    59,
    29,
    82,
    34,
    40,
    0,
    60,
    87,
    53,
    84,
    67,
    47,
    24,
    0,
    45,
    71,
    31,
    79,
    50,
    60,
    52,
    57,
    13,
    2,
    66,
    89,
    0,
    58,
    38,
    14,
    11,
    88,
    29,
    78,
    50,
    81,
    14,
    21,
    16,
    19,
    83,
    33,
    38,
    78,
    77,
    35,
    61,
    47,
    80,
    4,
    41,
    6,
    67,
    73,
    14,
    68,
    1,
    2,
    3,
    29,
    63,
    4,
    0,
    86,
    28,
    68,
    27,
    13,
    74,
    56,
    78,
    47,
    26,
    28,
    61,
    77,
    82,
    70,
    3,
    73,
    52,
    76,
    83,
    25,
    47,
    66,
    81,
    87,
    24,
    64,
    63,
    36,
    79,
    27,
    17,
    66,
    78,
    58,
    89,
    33,
    79,
    30,
    15,
    50,
    38,
    82,
    16,
    85,
    72,
    36,
    43,
    57,
    52,
    86,
    62,
    17,
    82,
    11,
    47,
    6,
    15,
    8,
    10,
    85,
    78,
    15,
    51,
    20,
    32,
    8,
    24,
    19,
    19,
    61,
    64,
    21,
    43,
    55,
    76,
    3,
    81,
    57,
    52,
    54,
    61,
    56,
    77,
    2,
    23,
    24,
    57,
    78,
    16,
    32,
    83,
    74,
    26,
    38,
    11,
    46,
    32,
    49,
    0,
    38,
    45,
    14,
    83,
    20,
    19,
    45,
    11,
    50,
    43,
    43,
    55,
    49,
    12,
    65,
    7,
    25,
    76,
    84,
    54,
    75,
    18,
    79,
    85,
    2,
    87,
    4,
    9,
    47,
    86,
    83,
    52,
    28,
    18,
    54,
    22,
    81,
    85,
    80,
    52,
    10,
    57,
    33,
    35,
    14,
    80,
    37,
    70,
    22,
    62,
    81,
    19,
    63,
    28,
    80,
    75,
    55,
    55,
    42,
    26,
    49,
    28,
    9,
    45,
    74,
    5,
    0,
    30,
    58,
    53,
    21,
    65,
    72,
    59,
    48,
    88,
    83,
    11,
    73,
    65,
    15,
    9,
    18,
    74,
    35,
    67,
    34,
    6,
    12,
    16,
    17,
    36,
    8,
    68,
    75,
    25,
    17,
    55,
    14,
    3,
    12,
    89,
    4,
    83,
    12,
    76,
    49,
    12,
    40,
    79,
    36,
    79,
    13,
    34,
    39,
    12,
    62,
    17,
    82,
    34,
    28,
    77,
    56,
    37,
    48,
    81,
    20,
    25,
    26,
    51,
    3,
    33,
    1,
    24,
    45,
    69,
    55,
    58,
    46,
    2,
    34,
    47,
    48,
    50,
    46,
    82,
    82,
    87,
    23,
    22,
    52,
    9,
    54,
    71,
    10,
    8,
    41,
    71,
    13,
    68,
    25,
    16,
    27,
    85,
    37,
    54,
    69,
    18,
    61,
    32,
    19,
    5,
    86,
    4,
    51,
    51,
    9,
    44,
    75,
    84,
    69,
    6,
    46,
    40,
    49,
    16,
    48,
    60,
    60,
    56,
    45,
    35,
    86,
    5,
    72,
    33,
    17,
    61,
    86,
    49,
    66,
    78,
    23,
    7,
    88,
    82,
    75,
    57,
    63,
    82,
    56,
    65,
    6,
    74,
    80,
    42,
    39,
    46,
    52,
    6,
    51,
    45,
    2,
    4,
    85,
    26,
    59,
    12,
    11,
    60,
    88,
    46,
    58,
    55,
    26,
    5,
    47,
    50,
    7,
    25,
    73,
    49,
    60,
    62,
    78,
    22,
    21,
    42,
    7,
    51,
    15,
    29,
    15,
    65,
    37,
    56,
    83,
    43,
    87,
    17,
    57,
    7,
    31,
    85,
    18,
    66,
    18,
    18,
    59,
    33,
    24,
    74,
    6,
    60,
    80,
    36,
    1,
    13,
    23,
    30,
    56,
    5,
    69,
    84,
    37,
    71,
    80,
    15,
    5,
    36,
    32,
    36,
    22,
    64,
    33,
    25,
    74,
    62,
    2,
    70,
    52,
    31,
    68,
    22,
    28,
    64,
    18,
    37,
    73,
    63,
    37,
    12,
    61,
    57,
    30,
    55,
    22,
    20,
    85,
    16,
    59,
    7,
    48,
    60,
    12,
    35,
    45,
    36,
    38,
    13,
    63,
    45,
    68,
    30,
    39,
    89,
    9,
    41,
    22,
    17,
    69,
    31,
    45,
    13,
    16,
    30,
    28,
    75,
    1,
    87,
    20,
    70,
    34,
    11,
    67,
    78,
    59,
    52,
    79,
    27,
    43,
    42,
    11,
    79,
    65,
    81,
    82,
    13,
    45,
    24,
    9,
    48,
    39,
    72,
    56,
    10,
    18,
    53,
    19,
    79,
    14,
    29,
    11,
    34,
    25,
    9,
    31,
    39,
    3,
    64,
    66,
    51,
    63,
    63,
    30,
    58,
    24,
    24,
    49,
    48,
    23,
    61,
    12,
    47,
    10,
    42,
    43,
    36,
    6,
    11,
    51,
    72,
    7,
    70,
    47,
    17,
    78,
    32,
    28,
    23,
    58,
    29,
    11,
    6,
    14,
    3,
    37,
    30,
    5,
    41,
    5,
    22,
    14,
    64,
    59,
    47,
    23,
    89,
    72,
    47,
    38,
    1,
    64,
    3,
    71,
    5,
    65,
    45,
    25,
    1,
    20,
    88,
    66,
    73,
    44,
    42,
    21,
    79,
    74,
    21,
    23,
    11,
    84,
    89,
    42,
    35,
    35,
    10,
    39,
    41,
    41,
    64,
    59,
    36,
    55,
    80,
    87,
    8,
    31,
    46,
    7,
    87,
    20,
    69,
    16,
    24,
    29,
    51,
    13,
    22,
    44,
    54,
    77,
    38,
    86,
    35,
    42,
    32,
    15,
    48,
    89,
    70,
    57,
    30,
    16,
    82,
    68,
    43,
    49,
    31,
    23,
    28,
    1,
    74,
    39,
    69,
    39,
    40,
    35,
    89,
    33,
    13,
    79,
    35,
    1,
    88,
    45,
    29,
    59,
    63,
    85,
    56,
    67,
    44,
    78,
    72,
    49,
    21
  ],