{
  "audio_cnn": {
    "accuracy": 0.13838748495788206,
    "f1_macro": 0.019792954099758415,
    "f1_weighted": 0.08140680340588596
  },
  "audio_vit": {
    "accuracy": 0.3778580024067389,
    "f1_macro": 0.13341015398458672,
    "f1_weighted": 0.32235712166627967
  },
  "image_resnet18": {
    "accuracy": 0.8477722772277227,
    "f1_macro": 0.8481899453029484,
    "f1_weighted": 0.8480513890619491
  },
  "image_vit": {
    "accuracy": 0.9257425742574258,
    "f1_macro": 0.9250702624468722,
    "f1_weighted": 0.9250394957697603
  }
}