{
  "audio_cnn": {
    "accuracy": 0.38929001203369434,
    "f1_macro": 0.11717943047932522,
    "f1_weighted": 0.33478839985663605
  },
  "audio_vit": {
    "accuracy": 0.35138387484957884,
    "f1_macro": 0.17266653753855737,
    "f1_weighted": 0.3304397363249914
  },
  "image_resnet18": {
    "accuracy": 0.8551980198019802,
    "f1_macro": 0.8517177064803485,
    "f1_weighted": 0.8515878823214713
  },
  "image_vit": {
    "accuracy": 0.9232673267326733,
    "f1_macro": 0.9222460159587185,
    "f1_weighted": 0.9222082585724775
  }
}