{
  "audio_cnn": {
    "accuracy": 0.3953068592057762,
    "f1_macro": 0.1089123818688006,
    "f1_weighted": 0.33194225737223837
  },
  "audio_vit": {
    "accuracy": 0.3435619735258724,
    "f1_macro": 0.16131255473394793,
    "f1_weighted": 0.3170747901746764
  },
  "image_resnet18": {
    "accuracy": 0.8477722772277227,
    "f1_macro": 0.8481899453029484,
    "f1_weighted": 0.8480513890619491
  },
  "image_vit": {
    "accuracy": 0.9257425742574258,
    "f1_macro": 0.9250702624468722,
    "f1_weighted": 0.9250394957697603
  }
}