{
  "train_loss": [
    3.3707685670519227,
    2.5683163842329315,
    1.9196944769206101,
    1.2396189485991513,
    0.6355923062166142,
    0.2590869402976947,
    0.1197044606259401,
    0.05681591964763082,
    0.03329938873902171,
    0.02686948564594222,
    0.019621380327906016,
    0.015113982350177753,
    0.012666622003037066,
    0.01181081937458658,
    0.010726820775096091,
    0.009917120243877295,
    0.009746535826226638,
    0.009428457465722285,
    0.009158537843400273,
    0.009138905391471773,
    0.008954125917303223,
    0.008775981068376692,
    0.008734036900734718,
    0.008441470620128698,
    0.00866965310310718,
    0.008478620393462926,
    0.008496783961178152,
    0.008267471566079126,
    0.00812343696504543,
    0.008094329370131574
  ],
  "train_acc": [
    21.081150819249128,
    37.82737711263063,
    52.70287704812282,
    69.62972519674881,
    86.56947490646368,
    96.14243323442136,
    98.14217520319959,
    99.20010321248871,
    99.43233131208876,
    99.5355438007999,
    99.5484453618888,
    99.65165785059992,
    99.67746097277771,
    99.66455941168881,
    99.67746097277771,
    99.6903625338666,
    99.67746097277771,
    99.67746097277771,
    99.6903625338666,
    99.66455941168881,
    99.63875628951104,
    99.70326409495549,
    99.67746097277771,
    99.70326409495549,
    99.65165785059992,
    99.6903625338666,
    99.66455941168881,
    99.67746097277771,
    99.67746097277771,
    99.65165785059992
  ],
  "val_loss": [
    2.9136761841504297,
    2.6569745262320437,
    2.3986671623627056,
    2.327092744096235,
    2.425511022050171,
    2.474059534990974,
    2.641631933325895,
    2.8624706688627297,
    2.810360256515255,
    2.9084343970467468,
    2.8754161196064865,
    2.847137313600625,
    2.882775923692219,
    2.9001528380436445,
    2.935409766098509,
    2.9191412149640485,
    2.9592165964174786,
    2.9808362617676294,
    2.9898607324894013,
    2.9834179698918843,
    3.003189767597671,
    3.017153226655026,
    3.0429496168373005,
    3.037106387164762,
    3.0406046249375875,
    3.0577640270928614,
    3.069683357696671,
    3.0808203442719297,
    3.0786408214649423,
    3.108297665770447
  ],
  "val_acc": [
    29.96389891696751,
    34.47653429602888,
    41.27557160048135,
    43.561973525872446,
    44.4043321299639,
    46.14921780986763,
    45.54753309265945,
    44.46450060168472,
    44.52466907340553,
    43.98315282791817,
    45.48736462093863,
    47.352587244283995,
    47.23225030084236,
    47.53309265944645,
    47.41275571600482,
    47.89410348977136,
    47.17208182912154,
    47.954271961492175,
    47.7135980746089,
    48.194945848375454,
    47.89410348977136,
    47.83393501805054,
    47.83393501805054,
    47.7135980746089,
    47.83393501805054,
    47.59326113116727,
    47.292418772563174,
    47.41275571600482,
    47.83393501805054,
    47.59326113116727
  ]
}