{
  "train_loss": [
    3.523637464778252,
    3.016328829639943,
    2.6058640393606693,
    2.1597284796683653,
    1.6268366243805121,
    1.0508076278275327,
    0.541334742189238,
    0.21962906885856107,
    0.08730192715956955,
    0.03858559266325851,
    0.02224590035147966,
    0.017208155655519468,
    0.015629197824941023,
    0.012637201301076026,
    0.01694731488646061,
    0.033497503735994985,
    0.020826461453326242,
    0.012846396762578276,
    0.011218038532368545
  ],
  "train_acc": [
    17.288091859114953,
    26.551412720939233,
    35.38898206683009,
    45.96826215972133,
    59.60521223067991,
    76.01599793575022,
    91.04631660430913,
    97.83253773706619,
    99.17430009031092,
    99.5484453618888,
    99.61295316733325,
    99.61295316733325,
    99.65165785059992,
    99.6903625338666,
    99.58715004515547,
    99.3678235066443,
    99.58715004515547,
    99.66455941168881,
    99.67746097277771
  ],
  "val_loss": [
    3.327838001411888,
    3.033138545124683,
    2.887797736088722,
    2.7763280943125737,
    2.796027344199868,
    2.843989157074195,
    2.9543315302737496,
    3.130987680632572,
    3.237858291997806,
    3.356134995656754,
    3.427561479068118,
    3.487689349051704,
    3.4907615193391104,
    3.5536793910782833,
    3.6212521540415703,
    3.6517053975955673,
    3.847809652128805,
    3.766091361946721,
    3.7907663582320965
  ],
  "val_acc": [
    19.735258724428398,
    27.918170878459687,
    31.34777376654633,
    33.81468110709988,
    33.69434416365824,
    33.99518652226234,
    33.75451263537906,
    34.59687123947052,
    35.619735258724425,
    34.777376654632974,
    35.25872442839952,
    34.65703971119134,
    35.018050541516246,
    34.89771359807461,
    33.69434416365824,
    32.190132370637784,
    33.2129963898917,
    34.05535499398315,
    34.416365824308066
  ]
}