{
  "train_loss": [
    3.54435390405479,
    3.0293706551073076,
    2.613661582908881,
    2.14343059147547,
    1.5892195053338052,
    0.9874526651201517,
    0.48227925737616845,
    0.18514596903967007,
    0.06454969163051176,
    0.029907577192772976,
    0.01798916018379696,
    0.01579498894026145,
    0.014685302299909714,
    0.012473363212548045,
    0.011516338962822283,
    0.01156174175320449,
    0.013300306765465232,
    0.06016206802828414,
    0.03349523648288384,
    0.014105438401745895,
    0.011676415999109025,
    0.010729653668181242,
    0.011262762609611749,
    0.01155529363955769,
    0.010398782817613217
  ],
  "train_acc": [
    17.455812153270546,
    26.74493613727261,
    35.35027738356341,
    46.17468713714359,
    61.15339956134692,
    78.84143981421752,
    92.73642110695394,
    98.49051735259967,
    99.47103599535544,
    99.60005160624435,
    99.6903625338666,
    99.66455941168881,
    99.66455941168881,
    99.65165785059992,
    99.66455941168881,
    99.67746097277771,
    99.66455941168881,
    98.98077667397754,
    99.30331570119985,
    99.60005160624435,
    99.63875628951104,
    99.63875628951104,
    99.61295316733325,
    99.61295316733325,
    99.63875628951104
  ],
  "val_loss": [
    3.3048240022395348,
    3.0152130213024813,
    2.876460266744474,
    2.7671548677552336,
    2.7405577586732903,
    2.8349199771307294,
    2.9422801826261296,
    3.14226621410907,
    3.2914803157214223,
    3.3273793979672317,
    3.357911957730455,
    3.3561191974851057,
    3.443205126212679,
    3.4880998174779827,
    3.4445900105110288,
    3.488311437349744,
    3.4959547872577765,
    3.61851931479003,
    3.684783458422811,
    3.704011578278708,
    3.7097940640042117,
    3.813646290419908,
    3.99705833017324,
    3.8064508759444657,
    3.835343158919315
  ],
  "val_acc": [
    21.119133574007222,
    26.29362214199759,
    29.24187725631769,
    33.45367027677497,
    35.1985559566787,
    33.8748495788207,
    33.69434416365824,
    32.97232250300842,
    33.63417569193742,
    34.83754512635379,
    34.777376654632974,
    35.31889290012034,
    35.31889290012034,
    34.957882069795424,
    35.67990373044525,
    34.71720818291215,
    33.45367027677497,
    32.31046931407942,
    33.2129963898917,
    33.513838748495786,
    34.5367027677497,
    33.75451263537906,
    33.513838748495786,
    34.29602888086642,
    33.45367027677497
  ]
}