{
  "train_loss": [
    3.3845141105014513
  ],
  "train_acc": [
    15.959231066959102
  ],
  "val_loss": [
    3.2490398086221925
  ],
  "val_acc": [
    17.689530685920577
  ]
}