{
  "train_loss": [
    4.281872370061283,
    4.17233522943244,
    4.099965908407103,
    4.035954207301124,
    3.9577348145219284,
    3.88318903632909,
    3.8302707595835037,
    3.7818395043477566,
    3.712452805683607,
    3.623514151176381,
    3.521641319020458,
    3.45576965742735,
    3.414448430101082,
    3.3768614134839576,
    3.306043467603488,
    3.262776760882123,
    3.2224601312016476,
    3.170393656060213,
    3.1285620831686547,
    3.066394673764452,
    2.961297607317292,
    2.891722605407138,
    2.8434316025228137,
    2.813247297551767,
    2.7668681369875494,
    2.723238728243587
  ],
  "train_acc": [
    10.553476970713456,
    14.501354663914334,
    14.978712424203328,
    15.791510772803509,
    16.88814346535931,
    18.487937040381887,
    19.274932266804285,
    19.494258805315443,
    20.977938330537995,
    21.82944136240485,
    23.44213649851632,
    24.24203328602761,
    24.951619145916656,
    25.235453489872274,
    26.048251838472456,
    26.732034576183718,
    28.009289123984,
    28.35763127338408,
    29.196232744162042,
    30.370274803251192,
    32.099083989162686,
    33.22151980389627,
    34.09882595794091,
    34.78260869565217,
    34.589085279318795,
    35.90504451038576
  ],
  "val_loss": [
    4.199821348224736,
    4.11027824032321,
    4.0984092177610245,
    4.0012725010675645,
    3.940046125083767,
    4.0252604016901925,
    3.7859263090163506,
    3.8467553384897943,
    3.7919993676003134,
    4.240269092015842,
    3.5550414474432217,
    3.6276671283942266,
    3.6470672134601396,
    3.494119765239215,
    3.721121658343557,
    3.5390723930799575,
    3.5238118472942808,
    3.7662362469949735,
    3.5589162190181396,
    3.652690073212992,
    3.6517480343544384,
    3.514437283276077,
    3.86169055107842,
    3.8957614190024734,
    4.216524336168769,
    3.534341805248054
  ],
  "val_acc": [
    12.99638989169675,
    14.560770156438027,
    14.921780986762936,
    16.125150421179303,
    16.787003610108304,
    17.62936221419976,
    20.156438026474127,
    20.81829121540313,
    18.65222623345367,
    13.598074608904934,
    22.743682310469314,
    22.683513838748496,
    23.28519855595668,
    23.345367027677497,
    23.58604091456077,
    24.127557160048134,
    23.22503008423586,
    20.637785800240675,
    25.63176895306859,
    22.20216606498195,
    20.75812274368231,
    23.94705174488568,
    20.09626955475331,
    19.43441636582431,
    21.359807460890494,
    25.39109506618532
  ]
}