{
  "train_loss": [
    2.8391440984435063,
    1.8223911387418843,
    1.3531713335868605,
    0.9853550044382373,
    0.7117720467525869,
    0.5573225324430078,
    0.45127428145067267,
    0.37781337345251714,
    0.33121398150146614,
    0.3097896249367731,
    0.2709318193691095,
    0.25179275708601134,
    0.23658684161428503,
    0.21376511794261846,
    0.20415745425633264,
    0.16757956878557118,
    0.16583328568618885
  ],
  "train_acc": [
    27.8544703909173,
    47.361630757321635,
    58.08282802219068,
    67.3074442007483,
    75.40962456457231,
    80.4412333892401,
    83.5634111727519,
    86.3888530512192,
    87.87253257644176,
    89.27880273513095,
    90.6205650883757,
    90.78828538253128,
    91.65268997548704,
    92.54289769062056,
    92.99445232873178,
    93.79434911624307,
    94.03947877693201
  ],
  "val_loss": [
    2.293021484635654,
    1.7384875829317008,
    1.6331879049680533,
    1.6614355120543587,
    1.9463136612471268,
    2.0137843556888173,
    2.322195980248166,
    2.4941346918401273,
    2.702099948352905,
    2.4124445576612867,
    2.831427648530027,
    2.5779926415755563,
    2.604577321764351,
    2.504277478439014,
    2.719992209125216,
    2.7685032013155224,
    2.7678172307679105
  ],
  "val_acc": [
    35.67990373044525,
    50.541516245487365,
    54.69314079422383,
    54.392298435619736,
    54.45246690734055,
    54.753309265944644,
    53.48977135980746,
    53.79061371841155,
    56.85920577617328,
    57.46089049338147,
    53.97111913357401,
    55.71600481347774,
    55.836341756919374,
    55.17448856799037,
    56.97954271961492,
    55.53549939831528,
    56.67870036101083
  ]
}