{
  "train_loss": [
    3.7865509871528498,
    3.597924884189069,
    3.455301655044772,
    3.3485263838120205,
    3.2550886268847035,
    3.145882354615012,
    3.0480656521410467,
    2.947632215850785,
    2.87835542169206,
    2.7992484514182068,
    2.660499628828873,
    2.6009812831509547,
    2.548084032211038,
    2.5030250579153335,
    2.44240196777642,
    2.406366458294115,
    2.365156199574978,
    2.2937295987458093,
    2.2640117438373806,
    2.2188435764470236,
    2.1121611567162466,
    2.040647492748955,
    2.00341662519625,
    1.953134548893253,
    1.9270781269997508,
    1.8986616886718675,
    1.8484128008441238,
    1.8108969368083818,
    1.790390632365107
  ],
  "train_acc": [
    11.005031608824668,
    14.488453102825442,
    17.494516836537223,
    19.197522900270933,
    21.15856018578248,
    23.532447426138564,
    25.94503934976132,
    27.5448329247839,
    28.847890594761967,
    30.692813830473487,
    34.253644691007615,
    35.776028899496836,
    37.156495936008255,
    37.84027867371952,
    39.11753322151981,
    39.81421752031996,
    40.743129918720165,
    42.5622500322539,
    42.84608437620952,
    44.045929557476455,
    45.99406528189911,
    47.490646368210555,
    48.49696813314411,
    49.58069926461102,
    50.677331957166814,
    50.62572571281125,
    52.406141143078315,
    52.67707392594504,
    53.19313636950071
  ],
  "val_loss": [
    3.719631669323367,
    3.58928092062545,
    3.380033590589907,
    3.385004441517211,
    3.206009369034199,
    3.289448475866398,
    3.1270259301728434,
    2.9072548617237883,
    3.259697567828439,
    3.030856158902642,
    2.652629626787096,
    2.709517625838554,
    2.6993951826175913,
    2.804830154070068,
    2.647863646276591,
    2.61296266008944,
    2.9418386388771802,
    2.7632566952963598,
    2.692453708602777,
    2.695877028429695,
    2.599201211860464,
    2.5715228169977165,
    2.618311638149257,
    2.606719274670065,
    2.7433721583098998,
    2.838615169163645,
    2.681879149016921,
    2.865151231756566,
    2.797352594875974
  ],
  "val_acc": [
    12.454873646209386,
    16.125150421179303,
    17.99037304452467,
    15.824308062575211,
    22.924187725631768,
    20.3971119133574,
    25.812274368231048,
    28.700361010830324,
    21.90132370637786,
    25.932611311672684,
    33.935018050541515,
    33.45367027677497,
    33.69434416365824,
    32.49097472924188,
    34.83754512635379,
    36.522262334536705,
    29.723225030084237,
    34.89771359807461,
    33.99518652226234,
    36.462093862815884,
    36.702767749699156,
    39.35018050541516,
    36.94344163658243,
    39.049338146811074,
    33.69434416365824,
    34.777376654632974,
    37.36462093862816,
    33.8748495788207,
    35.37906137184115
  ]
}