{
  "train_loss": [
    3.7669005882446265,
    3.577480170022686,
    3.4375964092633104,
    3.3139641557166137,
    3.204702190023409,
    3.096600548003877,
    2.9906708530388624,
    2.876642883923604,
    2.8004641562734878,
    2.738517758369815,
    2.5867039392323914,
    2.5246274452827127,
    2.4641248780886538,
    2.4247562117521846,
    2.3596189393334015,
    2.294794409156015,
    2.265188999905646,
    2.2017403430837827,
    2.1559972885331407,
    2.1144834008313445,
    1.9650904729341387,
    1.9019512057289003,
    1.8490691281275478,
    1.8170691381160897,
    1.776622107960673,
    1.7363584658635414,
    1.690680237419912,
    1.6530269655838672,
    1.6166923374625854
  ],
  "train_acc": [
    10.850212875757967,
    15.249645207070056,
    17.688040252870596,
    20.552186814604568,
    22.19068507289382,
    24.422655141272095,
    26.706231454005934,
    28.925299961295316,
    31.337891884918076,
    32.56354018836279,
    36.16307573216359,
    37.59514901303058,
    38.911108244097534,
    39.11753322151981,
    40.58831118565347,
    41.620436072764804,
    42.82028125403174,
    44.420074829054315,
    45.284479422010065,
    46.20049025932138,
    49.07753838214424,
    50.664430396077925,
    51.78686621081151,
    52.71577860921172,
    53.27054573603406,
    54.612308089278805,
    55.27028770481228,
    56.16049541994581,
    57.1152109405238
  ],
  "val_loss": [
    3.609172825061601,
    3.4919267495473227,
    3.321635148728941,
    3.3605256264247045,
    3.1443284676823806,
    3.3786942089507725,
    3.1086862600810834,
    2.882108549492167,
    3.0768469610799523,
    3.6411984672615243,
    2.7698244678414685,
    2.899368472908378,
    2.7252583234031853,
    2.770049547603988,
    2.8609852960106843,
    2.764094723978054,
    3.002321810211659,
    2.698436406832166,
    2.9625089432501763,
    3.0570637425217244,
    2.6675889461909823,
    2.615566328544479,
    2.8342386396639903,
    3.207311992610835,
    2.8292695893564237,
    2.7920052098596715,
    3.183783339822909,
    3.1221469099914696,
    2.9947479758165088
  ],
  "val_acc": [
    12.69554753309266,
    17.689530685920577,
    20.03610108303249,
    19.494584837545126,
    24.428399518652228,
    19.554753309265944,
    25.571600481347772,
    30.56558363417569,
    26.113116726835138,
    21.7208182912154,
    33.333333333333336,
    29.48255114320096,
    34.11552346570397,
    31.528279181708786,
    30.204572803850784,
    35.439229843561975,
    30.926594464500603,
    36.40192539109507,
    31.829121540312876,
    30.98676293622142,
    37.545126353790614,
    39.83152827918171,
    35.25872442839952,
    33.15282791817088,
    35.49939831528279,
    39.049338146811074,
    33.63417569193742,
    35.07821901323707,
    35.1985559566787
  ]
}